county_name,county,year,age_group,numerator,rate,total_pop,pop_density,housing_density
Alameda,06001,2015,Under 18,3426,96.7,1510271,2043.6,788.3
Amador,06005,2015,Under 18,45,85.1,38091,64.1,30.3
Butte,06007,2015,Under 18,308,68.7,220000,134.4,58.6
Calaveras,06009,2015,Under 18,46,63,45578,44.7,27.4
Colusa,06011,2015,Under 18,48,77,21419,18.6,6.9
Contra Costa,06013,2015,Under 18,2330,95.2,1049025,1465.2,559.1
Del Norte,06015,2015,Under 18,49,85.2,28610,28.4,11.1
El Dorado,06017,2015,Under 18,170,46.8,181058,106,51.6
Fresno,06019,2015,Under 18,4482,156,930450,156.2,53
Glenn,06021,2015,Under 18,39,51.8,28122,21.4,8.2
Humboldt,06023,2015,Under 18,153,59.3,134623,37.7,17.3
Imperial,06025,2015,Under 18,737,140.1,174528,41.8,13.4
Inyo,06027,2015,Under 18,33,92,18546,1.8,0.9
Kern,06029,2015,Under 18,2566,96.8,839631,103.3,35
Kings,06031,2015,Under 18,615,143.4,152982,110.1,31.6
Lake,06033,2015,Under 18,115,90.6,64665,51.5,28.2
Lassen,06035,2015,Under 18,33,59.7,34895,7.7,2.8
Los Angeles,06037,2015,Under 18,20540,88.7,9818605,2419.6,849
Madera,06039,2015,Under 18,586,133,150865,70.6,23
Marin,06041,2015,Under 18,167,33.5,252409,485.1,213.7
Mendocino,06045,2015,Under 18,130,69,87841,25.1,11.5
Merced,06047,2015,Under 18,1110,139.8,255793,132.2,43.3
Modoc,06049,2015,Under 18,19,100.1,9686,2.5,1.3
Mono,06051,2015,Under 18,16,52.7,14202,4.7,4.6
Monterey,06053,2015,Under 18,970,84.2,415057,126.5,42.4
Napa,06055,2015,Under 18,190,62.5,136484,182.4,73.2
Nevada,06057,2015,Under 18,79,47.9,98764,103.1,54.9
Orange,06059,2015,Under 18,4279,59.7,3010232,3807.7,1326.8
Placer,06061,2015,Under 18,337,41.5,348432,247.6,108.5
Plumas,06063,2015,Under 18,21,65.2,20007,7.8,6.1
Riverside,06065,2015,Under 18,3917,64.9,2189641,303.8,111.1
Sacramento,06067,2015,Under 18,3285,90.8,1418788,1470.8,576.3
San Benito,06069,2015,Under 18,115,76.6,55269,39.8,12.9
San Bernardino,06071,2015,Under 18,5019,87.7,2035210,101.5,34.9
San Diego,06073,2015,Under 18,4616,62.1,3095313,735.8,276.9
San Francisco,06075,2015,Under 18,850,64.9,805235,17179.2,8041.8
San Joaquin,06077,2015,Under 18,1868,95.1,685306,492.6,168
San Luis Obispo,06079,2015,Under 18,321,65,269637,81.7,35.6
San Mateo,06081,2015,Under 18,826,49.5,718451,1602.2,604.4
Santa Barbara,06083,2015,Under 18,689,70,423895,155,55.9
Santa Clara,06085,2015,Under 18,1976,44.1,1781642,1381,489.8
Santa Cruz,06087,2015,Under 18,343,60.8,262382,589.4,234.7
Shasta,06089,2015,Under 18,300,78.1,177223,46.9,20.5
Siskiyou,06093,2015,Under 18,43,50.4,44900,7.2,3.8
Solano,06095,2015,Under 18,1141,119.4,413344,503,185.8
Sonoma,06097,2015,Under 18,586,56.9,483878,307.1,129.8
Stanislaus,06099,2015,Under 18,1236,85.8,514453,344.2,120.1
Sutter,06101,2015,Under 18,121,47.5,94737,157.3,56.2
Tehama,06103,2015,Under 18,128,85.3,63463,21.5,9.1
Tulare,06107,2015,Under 18,1264,85.5,442179,91.7,29.4
Tuolumne,06109,2015,Under 18,54,60.9,55365,24.9,14.1
Ventura,06111,2015,Under 18,1271,62.7,823318,446.7,152.8
Yolo,06113,2015,Under 18,291,67.7,200849,197.9,74
Yuba,06115,2015,Under 18,131,62.5,72155,114.2,43.7
Alameda,06001,2014,Under 18,3590,101.8,1510271,2043.6,788.3
Amador,06005,2014,Under 18,46,81.1,38091,64.1,30.3
Butte,06007,2014,Under 18,298,66.3,220000,134.4,58.6
Calaveras,06009,2014,Under 18,66,87.3,45578,44.7,27.4
Colusa,06011,2014,Under 18,39,63.7,21419,18.6,6.9
Contra Costa,06013,2014,Under 18,2371,96.1,1049025,1465.2,559.1
Del Norte,06015,2014,Under 18,46,81.4,28610,28.4,11.1
El Dorado,06017,2014,Under 18,201,54,181058,106,51.6
Fresno,06019,2014,Under 18,4368,154.5,930450,156.2,53
Glenn,06021,2014,Under 18,41,53.5,28122,21.4,8.2
Humboldt,06023,2014,Under 18,161,62.1,134623,37.7,17.3
Imperial,06025,2014,Under 18,771,149.6,174528,41.8,13.4
Inyo,06027,2014,Under 18,34,94.3,18546,1.8,0.9
Kern,06029,2014,Under 18,2549,98.7,839631,103.3,35
Kings,06031,2014,Under 18,587,138.8,152982,110.1,31.6
Lake,06033,2014,Under 18,114,89.3,64665,51.5,28.2
Lassen,06035,2014,Under 18,37,65.4,34895,7.7,2.8
Los Angeles,06037,2014,Under 18,20767,89.7,9818605,2419.6,849
Madera,06039,2014,Under 18,602,138.8,150865,70.6,23
Marin,06041,2014,Under 18,219,43.4,252409,485.1,213.7
Mendocino,06045,2014,Under 18,141,74.9,87841,25.1,11.5
Merced,06047,2014,Under 18,1048,132.6,255793,132.2,43.3
Modoc,06049,2014,Under 18,15,74.9,9686,2.5,1.3
Mono,06051,2014,Under 18,11,NA,14202,4.7,4.6
Monterey,06053,2014,Under 18,931,81,415057,126.5,42.4
Napa,06055,2014,Under 18,196,64.5,136484,182.4,73.2
Nevada,06057,2014,Under 18,66,39.1,98764,103.1,54.9
Orange,06059,2014,Under 18,4044,56.7,3010232,3807.7,1326.8
Placer,06061,2014,Under 18,330,40.3,348432,247.6,108.5
Plumas,06063,2014,Under 18,23,70.6,20007,7.8,6.1
Riverside,06065,2014,Under 18,3947,65.6,2189641,303.8,111.1
Sacramento,06067,2014,Under 18,3239,89.7,1418788,1470.8,576.3
San Benito,06069,2014,Under 18,117,77,55269,39.8,12.9
San Bernardino,06071,2014,Under 18,5171,90.4,2035210,101.5,34.9
San Diego,06073,2014,Under 18,4571,61.8,3095313,735.8,276.9
San Francisco,06075,2014,Under 18,860,68.3,805235,17179.2,8041.8
San Joaquin,06077,2014,Under 18,1781,90.9,685306,492.6,168
San Luis Obispo,06079,2014,Under 18,271,54.7,269637,81.7,35.6
San Mateo,06081,2014,Under 18,867,51.9,718451,1602.2,604.4
Santa Barbara,06083,2014,Under 18,673,68.8,423895,155,55.9
Santa Clara,06085,2014,Under 18,1853,41.5,1781642,1381,489.8
Santa Cruz,06087,2014,Under 18,375,67,262382,589.4,234.7
Shasta,06089,2014,Under 18,312,81.3,177223,46.9,20.5
Siskiyou,06093,2014,Under 18,46,53,44900,7.2,3.8
Solano,06095,2014,Under 18,1095,113.9,413344,503,185.8
Sonoma,06097,2014,Under 18,572,55.2,483878,307.1,129.8
Stanislaus,06099,2014,Under 18,1359,94.4,514453,344.2,120.1
Sutter,06101,2014,Under 18,125,49.3,94737,157.3,56.2
Tehama,06103,2014,Under 18,113,75.7,63463,21.5,9.1
Trinity,06105,2014,Under 18,15,70.3,13786,4.3,2.7
Tulare,06107,2014,Under 18,1126,77.2,442179,91.7,29.4
Tuolumne,06109,2014,Under 18,68,76.2,55365,24.9,14.1
Ventura,06111,2014,Under 18,1250,61.6,823318,446.7,152.8
Yolo,06113,2014,Under 18,268,61.5,200849,197.9,74
Yuba,06115,2014,Under 18,85,40.6,72155,114.2,43.7
Alameda,06001,2013,Under 18,3269,92.6,1510271,2043.6,788.3
Amador,06005,2013,Under 18,52,91.9,38091,64.1,30.3
Butte,06007,2013,Under 18,275,61.5,220000,134.4,58.6
Calaveras,06009,2013,Under 18,60,78.7,45578,44.7,27.4
Colusa,06011,2013,Under 18,38,62.5,21419,18.6,6.9
Contra Costa,06013,2013,Under 18,2251,91.5,1049025,1465.2,559.1
Del Norte,06015,2013,Under 18,48,85.1,28610,28.4,11.1
El Dorado,06017,2013,Under 18,135,37.7,181058,106,51.6
Fresno,06019,2013,Under 18,3814,134.4,930450,156.2,53
Glenn,06021,2013,Under 18,33,43.5,28122,21.4,8.2
Humboldt,06023,2013,Under 18,205,79.3,134623,37.7,17.3
Imperial,06025,2013,Under 18,709,136.3,174528,41.8,13.4
Inyo,06027,2013,Under 18,30,82.5,18546,1.8,0.9
Kern,06029,2013,Under 18,2394,92.3,839631,103.3,35
Kings,06031,2013,Under 18,558,131.9,152982,110.1,31.6
Lake,06033,2013,Under 18,96,75.1,64665,51.5,28.2
Lassen,06035,2013,Under 18,37,67.3,34895,7.7,2.8
Los Angeles,06037,2013,Under 18,20386,87.9,9818605,2419.6,849
Madera,06039,2013,Under 18,492,113.3,150865,70.6,23
Marin,06041,2013,Under 18,183,36.4,252409,485.1,213.7
Mariposa,06043,2013,Under 18,18,61.9,18251,12.6,7
Mendocino,06045,2013,Under 18,104,55.2,87841,25.1,11.5
Merced,06047,2013,Under 18,965,122.1,255793,132.2,43.3
Monterey,06053,2013,Under 18,989,85.6,415057,126.5,42.4
Napa,06055,2013,Under 18,161,53.2,136484,182.4,73.2
Nevada,06057,2013,Under 18,61,37.7,98764,103.1,54.9
Orange,06059,2013,Under 18,3901,54.6,3010232,3807.7,1326.8
Placer,06061,2013,Under 18,332,40.9,348432,247.6,108.5
Plumas,06063,2013,Under 18,29,89.3,20007,7.8,6.1
Riverside,06065,2013,Under 18,3824,63.7,2189641,303.8,111.1
Sacramento,06067,2013,Under 18,3035,84,1418788,1470.8,576.3
San Benito,06069,2013,Under 18,117,77.8,55269,39.8,12.9
San Bernardino,06071,2013,Under 18,5278,92.3,2035210,101.5,34.9
San Diego,06073,2013,Under 18,4816,65,3095313,735.8,276.9
San Francisco,06075,2013,Under 18,810,62.3,805235,17179.2,8041.8
San Joaquin,06077,2013,Under 18,1691,86.4,685306,492.6,168
San Luis Obispo,06079,2013,Under 18,229,46.4,269637,81.7,35.6
San Mateo,06081,2013,Under 18,770,46.1,718451,1602.2,604.4
Santa Barbara,06083,2013,Under 18,664,67.6,423895,155,55.9
Santa Clara,06085,2013,Under 18,1806,40.5,1781642,1381,489.8
Santa Cruz,06087,2013,Under 18,386,68.7,262382,589.4,234.7
Shasta,06089,2013,Under 18,281,73.4,177223,46.9,20.5
Siskiyou,06093,2013,Under 18,44,50.9,44900,7.2,3.8
Solano,06095,2013,Under 18,966,100.5,413344,503,185.8
Sonoma,06097,2013,Under 18,560,54.2,483878,307.1,129.8
Stanislaus,06099,2013,Under 18,1154,80.3,514453,344.2,120.1
Sutter,06101,2013,Under 18,77,30.3,94737,157.3,56.2
Tehama,06103,2013,Under 18,86,57.1,63463,21.5,9.1
Tulare,06107,2013,Under 18,1097,75,442179,91.7,29.4
Tuolumne,06109,2013,Under 18,72,80.8,55365,24.9,14.1
Ventura,06111,2013,Under 18,1082,53.3,823318,446.7,152.8
Yolo,06113,2013,Under 18,249,57.2,200849,197.9,74
Yuba,06115,2013,Under 18,97,46.7,72155,114.2,43.7
Alameda,06001,2012,Under 18,2952,84.6,1510271,2043.6,788.3
Amador,06005,2012,Under 18,50,88,38091,64.1,30.3
Butte,06007,2012,Under 18,252,54.8,220000,134.4,58.6
Calaveras,06009,2012,Under 18,36,46.5,45578,44.7,27.4
Colusa,06011,2012,Under 18,29,47.5,21419,18.6,6.9
Contra Costa,06013,2012,Under 18,2623,104.1,1049025,1465.2,559.1
Del Norte,06015,2012,Under 18,48,81.4,28610,28.4,11.1
El Dorado,06017,2012,Under 18,168,44.2,181058,106,51.6
Fresno,06019,2012,Under 18,3758,134.1,930450,156.2,53
Glenn,06021,2012,Under 18,32,41.5,28122,21.4,8.2
Humboldt,06023,2012,Under 18,221,82.8,134623,37.7,17.3
Imperial,06025,2012,Under 18,762,152.5,174528,41.8,13.4
Inyo,06027,2012,Under 18,32,86.7,18546,1.8,0.9
Kern,06029,2012,Under 18,2462,96.5,839631,103.3,35
Kings,06031,2012,Under 18,587,140.1,152982,110.1,31.6
Lake,06033,2012,Under 18,109,83.8,64665,51.5,28.2
Lassen,06035,2012,Under 18,30,53.6,34895,7.7,2.8
Los Angeles,06037,2012,Under 18,20781,89.5,9818605,2419.6,849
Madera,06039,2012,Under 18,662,155.5,150865,70.6,23
Marin,06041,2012,Under 18,196,37.8,252409,485.1,213.7
Mariposa,06043,2012,Under 18,21,73.2,18251,12.6,7
Mendocino,06045,2012,Under 18,141,73.8,87841,25.1,11.5
Merced,06047,2012,Under 18,979,122.7,255793,132.2,43.3
Modoc,06049,2012,Under 18,13,68.6,9686,2.5,1.3
Monterey,06053,2012,Under 18,894,78.3,415057,126.5,42.4
Napa,06055,2012,Under 18,158,51.6,136484,182.4,73.2
Nevada,06057,2012,Under 18,96,55.5,98764,103.1,54.9
Orange,06059,2012,Under 18,4098,57.4,3010232,3807.7,1326.8
Placer,06061,2012,Under 18,306,37,348432,247.6,108.5
Plumas,06063,2012,Under 18,27,82.5,20007,7.8,6.1
Riverside,06065,2012,Under 18,4028,66.9,2189641,303.8,111.1
Sacramento,06067,2012,Under 18,2875,79.6,1418788,1470.8,576.3
San Benito,06069,2012,Under 18,109,70,55269,39.8,12.9
San Bernardino,06071,2012,Under 18,5563,97,2035210,101.5,34.9
San Diego,06073,2012,Under 18,5160,70.8,3095313,735.8,276.9
San Francisco,06075,2012,Under 18,830,68.6,805235,17179.2,8041.8
San Joaquin,06077,2012,Under 18,1550,78.6,685306,492.6,168
San Luis Obispo,06079,2012,Under 18,276,55.3,269637,81.7,35.6
San Mateo,06081,2012,Under 18,824,49.8,718451,1602.2,604.4
Santa Barbara,06083,2012,Under 18,694,70.9,423895,155,55.9
Santa Clara,06085,2012,Under 18,1898,42.9,1781642,1381,489.8
Santa Cruz,06087,2012,Under 18,424,76,262382,589.4,234.7
Shasta,06089,2012,Under 18,267,68.8,177223,46.9,20.5
Siskiyou,06093,2012,Under 18,42,47,44900,7.2,3.8
Solano,06095,2012,Under 18,1063,109.3,413344,503,185.8
Sonoma,06097,2012,Under 18,600,57.6,483878,307.1,129.8
Stanislaus,06099,2012,Under 18,1086,75.4,514453,344.2,120.1
Sutter,06101,2012,Under 18,81,31.7,94737,157.3,56.2
Tehama,06103,2012,Under 18,105,68,63463,21.5,9.1
Tulare,06107,2012,Under 18,1064,73.4,442179,91.7,29.4
Tuolumne,06109,2012,Under 18,75,82,55365,24.9,14.1
Ventura,06111,2012,Under 18,1210,59.4,823318,446.7,152.8
Yolo,06113,2012,Under 18,251,56.5,200849,197.9,74
Yuba,06115,2012,Under 18,64,30.6,72155,114.2,43.7
Alameda,06001,2011,Under 18,2629,75.9,1510271,2043.6,788.3
Amador,06005,2011,Under 18,53,91.7,38091,64.1,30.3
Butte,06007,2011,Under 18,295,63.8,220000,134.4,58.6
Calaveras,06009,2011,Under 18,67,84.1,45578,44.7,27.4
Colusa,06011,2011,Under 18,32,49.4,21419,18.6,6.9
Contra Costa,06013,2011,Under 18,2379,93.2,1049025,1465.2,559.1
Del Norte,06015,2011,Under 18,55,90,28610,28.4,11.1
El Dorado,06017,2011,Under 18,160,40.4,181058,106,51.6
Fresno,06019,2011,Under 18,3553,126.1,930450,156.2,53
Glenn,06021,2011,Under 18,42,53.1,28122,21.4,8.2
Humboldt,06023,2011,Under 18,177,65,134623,37.7,17.3
Imperial,06025,2011,Under 18,725,143.4,174528,41.8,13.4
Inyo,06027,2011,Under 18,31,79.9,18546,1.8,0.9
Kern,06029,2011,Under 18,2091,82.1,839631,103.3,35
Kings,06031,2011,Under 18,595,138.3,152982,110.1,31.6
Lake,06033,2011,Under 18,123,91.8,64665,51.5,28.2
Lassen,06035,2011,Under 18,29,49.8,34895,7.7,2.8
Los Angeles,06037,2011,Under 18,20328,87.2,9818605,2419.6,849
Madera,06039,2011,Under 18,613,142.2,150865,70.6,23
Marin,06041,2011,Under 18,227,43.2,252409,485.1,213.7
Mariposa,06043,2011,Under 18,25,85.3,18251,12.6,7
Mendocino,06045,2011,Under 18,141,73.6,87841,25.1,11.5
Merced,06047,2011,Under 18,891,110.7,255793,132.2,43.3
Monterey,06053,2011,Under 18,955,84.1,415057,126.5,42.4
Napa,06055,2011,Under 18,145,47.1,136484,182.4,73.2
Nevada,06057,2011,Under 18,118,66.3,98764,103.1,54.9
Orange,06059,2011,Under 18,3585,50,3010232,3807.7,1326.8
Placer,06061,2011,Under 18,313,37.1,348432,247.6,108.5
Plumas,06063,2011,Under 18,30,89.9,20007,7.8,6.1
Riverside,06065,2011,Under 18,4013,66,2189641,303.8,111.1
Sacramento,06067,2011,Under 18,2895,79.8,1418788,1470.8,576.3
San Benito,06069,2011,Under 18,156,100.3,55269,39.8,12.9
San Bernardino,06071,2011,Under 18,5198,89.6,2035210,101.5,34.9
San Diego,06073,2011,Under 18,4755,65.2,3095313,735.8,276.9
San Francisco,06075,2011,Under 18,777,66.8,805235,17179.2,8041.8
San Joaquin,06077,2011,Under 18,1579,79.5,685306,492.6,168
San Luis Obispo,06079,2011,Under 18,267,53.3,269637,81.7,35.6
San Mateo,06081,2011,Under 18,871,53.1,718451,1602.2,604.4
Santa Barbara,06083,2011,Under 18,547,55.7,423895,155,55.9
Santa Clara,06085,2011,Under 18,1895,43.1,1781642,1381,489.8
Santa Cruz,06087,2011,Under 18,367,66.1,262382,589.4,234.7
Shasta,06089,2011,Under 18,284,73.2,177223,46.9,20.5
Siskiyou,06093,2011,Under 18,42,46.8,44900,7.2,3.8
Solano,06095,2011,Under 18,1056,107.4,413344,503,185.8
Sonoma,06097,2011,Under 18,633,60.5,483878,307.1,129.8
Stanislaus,06099,2011,Under 18,1028,70.9,514453,344.2,120.1
Sutter,06101,2011,Under 18,77,30.2,94737,157.3,56.2
Tehama,06103,2011,Under 18,81,51,63463,21.5,9.1
Trinity,06105,2011,Under 18,18,75.8,13786,4.3,2.7
Tulare,06107,2011,Under 18,1076,74.1,442179,91.7,29.4
Tuolumne,06109,2011,Under 18,73,78.6,55365,24.9,14.1
Ventura,06111,2011,Under 18,1164,56.5,823318,446.7,152.8
Yolo,06113,2011,Under 18,227,49.9,200849,197.9,74
Yuba,06115,2011,Under 18,111,52.8,72155,114.2,43.7
Alameda,06001,2016,Under 18,3435,98.5,1510271,2043.6,788.3
Amador,06005,2016,Under 18,56,100.4,38091,64.1,30.3
Butte,06007,2016,Under 18,226,49.9,220000,134.4,58.6
Calaveras,06009,2016,Under 18,40,53.8,45578,44.7,27.4
Colusa,06011,2016,Under 18,26,43.1,21419,18.6,6.9
Contra Costa,06013,2016,Under 18,2185,88.8,1049025,1465.2,559.1
Del Norte,06015,2016,Under 18,71,120.8,28610,28.4,11.1
El Dorado,06017,2016,Under 18,155,44.5,181058,106,51.6
Fresno,06019,2016,Under 18,4066,143.1,930450,156.2,53
Glenn,06021,2016,Under 18,38,50.6,28122,21.4,8.2
Humboldt,06023,2016,Under 18,160,57.7,134623,37.7,17.3
Imperial,06025,2016,Under 18,718,133,174528,41.8,13.4
Inyo,06027,2016,Under 18,39,96.8,18546,1.8,0.9
Kern,06029,2016,Under 18,2228,86.8,839631,103.3,35
Kings,06031,2016,Under 18,510,111,152982,110.1,31.6
Lake,06033,2016,Under 18,108,79.6,64665,51.5,28.2
Lassen,06035,2016,Under 18,32,60.7,34895,7.7,2.8
Los Angeles,06037,2016,Under 18,20462,88.5,9818605,2419.6,849
Madera,06039,2016,Under 18,595,140.3,150865,70.6,23
Marin,06041,2016,Under 18,166,33,252409,485.1,213.7
Mariposa,06043,2016,Under 18,22,77.6,18251,12.6,7
Mendocino,06045,2016,Under 18,128,66.7,87841,25.1,11.5
Merced,06047,2016,Under 18,1039,130.9,255793,132.2,43.3
Modoc,06049,2016,Under 18,19,114.2,9686,2.5,1.3
Mono,06051,2016,Under 18,14,49.4,14202,4.7,4.6
Monterey,06053,2016,Under 18,758,65.4,415057,126.5,42.4
Napa,06055,2016,Under 18,148,51.6,136484,182.4,73.2
Nevada,06057,2016,Under 18,60,37.4,98764,103.1,54.9
Orange,06059,2016,Under 18,3872,53.7,3010232,3807.7,1326.8
Placer,06061,2016,Under 18,288,38.4,348432,247.6,108.5
Plumas,06063,2016,Under 18,22,70.4,20007,7.8,6.1
Riverside,06065,2016,Under 18,3951,66.5,2189641,303.8,111.1
Sacramento,06067,2016,Under 18,2825,78.2,1418788,1470.8,576.3
San Benito,06069,2016,Under 18,120,83.2,55269,39.8,12.9
San Bernardino,06071,2016,Under 18,4679,81.2,2035210,101.5,34.9
San Diego,06073,2016,Under 18,4085,51,3095313,735.8,276.9
San Francisco,06075,2016,Under 18,930,67.7,805235,17179.2,8041.8
San Joaquin,06077,2016,Under 18,1587,80.1,685306,492.6,168
San Luis Obispo,06079,2016,Under 18,268,54.3,269637,81.7,35.6
San Mateo,06081,2016,Under 18,782,48.2,718451,1602.2,604.4
Santa Barbara,06083,2016,Under 18,685,67.8,423895,155,55.9
Santa Clara,06085,2016,Under 18,1676,37.4,1781642,1381,489.8
Santa Cruz,06087,2016,Under 18,332,56,262382,589.4,234.7
Shasta,06089,2016,Under 18,255,68.5,177223,46.9,20.5
Siskiyou,06093,2016,Under 18,29,33.2,44900,7.2,3.8
Solano,06095,2016,Under 18,1079,108.9,413344,503,185.8
Sonoma,06097,2016,Under 18,535,55.1,483878,307.1,129.8
Stanislaus,06099,2016,Under 18,1062,73.3,514453,344.2,120.1
Sutter,06101,2016,Under 18,126,50.7,94737,157.3,56.2
Tehama,06103,2016,Under 18,112,72.6,63463,21.5,9.1
Trinity,06105,2016,Under 18,12,56.9,13786,4.3,2.7
Tulare,06107,2016,Under 18,960,66.4,442179,91.7,29.4
Tuolumne,06109,2016,Under 18,52,59.3,55365,24.9,14.1
Ventura,06111,2016,Under 18,1164,58.8,823318,446.7,152.8
Yolo,06113,2016,Under 18,287,59.4,200849,197.9,74
Yuba,06115,2016,Under 18,95,43.7,72155,114.2,43.7
Alameda,06001,2017,Under 18,3179,90.7,1510271,2043.6,788.3
Alpine,06003,2017,Under 18,NA,NA,1175,1.6,2.4
Amador,06005,2017,Under 18,38,71.2,38091,64.1,30.3
Butte,06007,2017,Under 18,226,49.4,220000,134.4,58.6
Calaveras,06009,2017,Under 18,50,70.3,45578,44.7,27.4
Colusa,06011,2017,Under 18,37,61.9,21419,18.6,6.9
Contra Costa,06013,2017,Under 18,2204,89.4,1049025,1465.2,559.1
Del Norte,06015,2017,Under 18,52,88.7,28610,28.4,11.1
El Dorado,06017,2017,Under 18,163,46.9,181058,106,51.6
Fresno,06019,2017,Under 18,4371,153.9,930450,156.2,53
Glenn,06021,2017,Under 18,27,36.2,28122,21.4,8.2
Humboldt,06023,2017,Under 18,173,61.7,134623,37.7,17.3
Imperial,06025,2017,Under 18,691,126.8,174528,41.8,13.4
Inyo,06027,2017,Under 18,32,78.4,18546,1.8,0.9
Kern,06029,2017,Under 18,2219,86.4,839631,103.3,35
Kings,06031,2017,Under 18,506,109.7,152982,110.1,31.6
Lake,06033,2017,Under 18,112,82.2,64665,51.5,28.2
Lassen,06035,2017,Under 18,35,63.7,34895,7.7,2.8
Los Angeles,06037,2017,Under 18,19061,82.5,9818605,2419.6,849
Madera,06039,2017,Under 18,562,132.6,150865,70.6,23
Marin,06041,2017,Under 18,165,32.7,252409,485.1,213.7
Mariposa,06043,2017,Under 18,14,50.9,18251,12.6,7
Mendocino,06045,2017,Under 18,192,100,87841,25.1,11.5
Merced,06047,2017,Under 18,894,112.3,255793,132.2,43.3
Modoc,06049,2017,Under 18,19,105.3,9686,2.5,1.3
Monterey,06053,2017,Under 18,747,64.3,415057,126.5,42.4
Napa,06055,2017,Under 18,152,52.5,136484,182.4,73.2
Nevada,06057,2017,Under 18,80,50.3,98764,103.1,54.9
Orange,06059,2017,Under 18,3828,53.1,3010232,3807.7,1326.8
Placer,06061,2017,Under 18,372,50.1,348432,247.6,108.5
Plumas,06063,2017,Under 18,29,96.8,20007,7.8,6.1
Riverside,06065,2017,Under 18,3931,66.1,2189641,303.8,111.1
Sacramento,06067,2017,Under 18,3169,87.6,1418788,1470.8,576.3
San Benito,06069,2017,Under 18,138,97.2,55269,39.8,12.9
San Bernardino,06071,2017,Under 18,4519,78.2,2035210,101.5,34.9
San Diego,06073,2017,Under 18,4291,52.9,3095313,735.8,276.9
San Francisco,06075,2017,Under 18,1049,75.3,805235,17179.2,8041.8
San Joaquin,06077,2017,Under 18,1692,85.3,685306,492.6,168
San Luis Obispo,06079,2017,Under 18,270,53.7,269637,81.7,35.6
San Mateo,06081,2017,Under 18,752,46.1,718451,1602.2,604.4
Santa Barbara,06083,2017,Under 18,574,55.9,423895,155,55.9
Santa Clara,06085,2017,Under 18,1834,40.8,1781642,1381,489.8
Santa Cruz,06087,2017,Under 18,290,48.3,262382,589.4,234.7
Shasta,06089,2017,Under 18,229,61.2,177223,46.9,20.5
Sierra,06091,2017,Under 18,NA,NA,3240,3.4,2.4
Siskiyou,06093,2017,Under 18,45,52.5,44900,7.2,3.8
Solano,06095,2017,Under 18,1199,120.6,413344,503,185.8
Sonoma,06097,2017,Under 18,561,58,483878,307.1,129.8
Stanislaus,06099,2017,Under 18,1121,77.1,514453,344.2,120.1
Sutter,06101,2017,Under 18,118,47.5,94737,157.3,56.2
Tehama,06103,2017,Under 18,139,91.1,63463,21.5,9.1
Tulare,06107,2017,Under 18,1054,73.4,442179,91.7,29.4
Tuolumne,06109,2017,Under 18,62,71.4,55365,24.9,14.1
Ventura,06111,2017,Under 18,1080,54.9,823318,446.7,152.8
Yolo,06113,2017,Under 18,294,58.8,200849,197.9,74
Yuba,06115,2017,Under 18,121,56,72155,114.2,43.7
Alameda,06001,2018,Under 18,2552,72.6,1510271,2043.6,788.3
Amador,06005,2018,Under 18,34,60.9,38091,64.1,30.3
Butte,06007,2018,Under 18,201,44,220000,134.4,58.6
Calaveras,06009,2018,Under 18,50,70.6,45578,44.7,27.4
Colusa,06011,2018,Under 18,50,84.3,21419,18.6,6.9
Contra Costa,06013,2018,Under 18,1924,77.9,1049025,1465.2,559.1
Del Norte,06015,2018,Under 18,46,79.7,28610,28.4,11.1
El Dorado,06017,2018,Under 18,131,38.1,181058,106,51.6
Fresno,06019,2018,Under 18,3687,129.6,930450,156.2,53
Glenn,06021,2018,Under 18,31,41.7,28122,21.4,8.2
Humboldt,06023,2018,Under 18,138,48.4,134623,37.7,17.3
Imperial,06025,2018,Under 18,597,108.5,174528,41.8,13.4
Inyo,06027,2018,Under 18,25,64.8,18546,1.8,0.9
Kern,06029,2018,Under 18,1909,74.3,839631,103.3,35
Kings,06031,2018,Under 18,368,79.8,152982,110.1,31.6
Lake,06033,2018,Under 18,113,82.8,64665,51.5,28.2
Lassen,06035,2018,Under 18,24,44.6,34895,7.7,2.8
Los Angeles,06037,2018,Under 18,17797,77.5,9818605,2419.6,849
Madera,06039,2018,Under 18,486,115.5,150865,70.6,23
Marin,06041,2018,Under 18,168,34.3,252409,485.1,213.7
Mariposa,06043,2018,Under 18,12,44.9,18251,12.6,7
Mendocino,06045,2018,Under 18,153,79.8,87841,25.1,11.5
Merced,06047,2018,Under 18,676,84.8,255793,132.2,43.3
Modoc,06049,2018,Under 18,33,186,9686,2.5,1.3
Mono,06051,2018,Under 18,18,64.9,14202,4.7,4.6
Monterey,06053,2018,Under 18,570,49,415057,126.5,42.4
Napa,06055,2018,Under 18,157,54.9,136484,182.4,73.2
Nevada,06057,2018,Under 18,51,32.6,98764,103.1,54.9
Orange,06059,2018,Under 18,3107,43.4,3010232,3807.7,1326.8
Placer,06061,2018,Under 18,309,41.9,348432,247.6,108.5
Plumas,06063,2018,Under 18,30,97,20007,7.8,6.1
Riverside,06065,2018,Under 18,3309,55.6,2189641,303.8,111.1
Sacramento,06067,2018,Under 18,2847,78.5,1418788,1470.8,576.3
San Benito,06069,2018,Under 18,108,76.8,55269,39.8,12.9
San Bernardino,06071,2018,Under 18,3806,66,2035210,101.5,34.9
San Diego,06073,2018,Under 18,3644,44.7,3095313,735.8,276.9
San Francisco,06075,2018,Under 18,927,65,805235,17179.2,8041.8
San Joaquin,06077,2018,Under 18,1486,74,685306,492.6,168
San Luis Obispo,06079,2018,Under 18,199,39.6,269637,81.7,35.6
San Mateo,06081,2018,Under 18,660,40.5,718451,1602.2,604.4
Santa Barbara,06083,2018,Under 18,433,42.3,423895,155,55.9
Santa Clara,06085,2018,Under 18,1500,33.4,1781642,1381,489.8
Santa Cruz,06087,2018,Under 18,212,35.3,262382,589.4,234.7
Shasta,06089,2018,Under 18,180,48,177223,46.9,20.5
Siskiyou,06093,2018,Under 18,33,38.4,44900,7.2,3.8
Solano,06095,2018,Under 18,1022,102.6,413344,503,185.8
Sonoma,06097,2018,Under 18,490,50.7,483878,307.1,129.8
Stanislaus,06099,2018,Under 18,1074,73.6,514453,344.2,120.1
Sutter,06101,2018,Under 18,104,42.1,94737,157.3,56.2
Tehama,06103,2018,Under 18,95,60.9,63463,21.5,9.1
Trinity,06105,2018,Under 18,21,102.7,13786,4.3,2.7
Tulare,06107,2018,Under 18,783,54.6,442179,91.7,29.4
Tuolumne,06109,2018,Under 18,47,55.6,55365,24.9,14.1
Ventura,06111,2018,Under 18,946,48.4,823318,446.7,152.8
Yolo,06113,2018,Under 18,263,51.8,200849,197.9,74
Yuba,06115,2018,Under 18,106,49.2,72155,114.2,43.7
